Id,Class_Name
0,Aston Martin V8 Vantage Convertible 2012
1,Aston Martin V8 Vantage Coupe 2012
2,Aston Martin Virage Convertible 2012
3,Aston Martin Virage Coupe 2012
4,Audi RS 4 Convertible 2008
5,Audi A5 Coupe 2012
6,Audi TTS Coupe 2012
7,Audi R8 Coupe 2012
8,Audi TT Hatchback 2011
9,Audi S6 Sedan 2011
10,Audi S5 Convertible 2012
11,Audi S5 Coupe 2012
12,Audi S4 Sedan 2012
13,Audi S4 Sedan 2007
14,Audi TT RS Coupe 2012
15,BMW ActiveHybrid 5 Sedan 2012
16,BMW 1 Series Convertible 2012
17,BMW 1 Series Coupe 2012
18,BMW 3 Series Sedan 2012
19,BMW 3 Series Wagon 2012
20,BMW 6 Series Convertible 2007
21,BMW X5 SUV 2007
22,BMW X6 SUV 2012
23,BMW M3 Coupe 2012
24,BMW M5 Sedan 2010
25,BMW M6 Convertible 2010
26,BMW X3 SUV 2012
27,BMW Z4 Convertible 2012
28,Bentley Continental Supersports Conv. Convertible 2012
29,Bentley Arnage Sedan 2009
30,Bentley Mulsanne Sedan 2011
31,Bentley Continental GT Coupe 2012
32,Bentley Continental GT Coupe 2007
33,Bentley Continental Flying Spur Sedan 2007
34,Bugatti Veyron 16.4 Convertible 2009
35,Bugatti Veyron 16.4 Coupe 2009
36,Cadillac CTS-V Sedan 2012
37,Cadillac SRX SUV 2012
38,Cadillac Escalade EXT Crew Cab 2007
39,Chevrolet Silverado 1500 Hybrid Crew Cab 2012
40,Chevrolet Corvette Convertible 2012
41,Chevrolet Corvette ZR1 2012
42,Chevrolet Corvette Ron Fellows Edition Z06 2007
43,Chevrolet Traverse SUV 2012
44,Chevrolet Camaro Convertible 2012
45,Chevrolet HHR SS 2010
46,Chevrolet Impala Sedan 2007
47,Chevrolet Tahoe Hybrid SUV 2012
48,Chevrolet Sonic Sedan 2012
49,Chevrolet Express Cargo Van 2007
50,Chevrolet Avalanche Crew Cab 2012
51,Chevrolet Cobalt SS 2010
52,Chevrolet Malibu Hybrid Sedan 2010
53,Chevrolet TrailBlazer SS 2009
54,Chevrolet Silverado 2500HD Regular Cab 2012
55,Chevrolet Silverado 1500 Classic Extended Cab 2007
56,Chevrolet Express Van 2007
57,Chevrolet Monte Carlo Coupe 2007
58,Chevrolet Malibu Sedan 2007
59,Chevrolet Silverado 1500 Extended Cab 2012
60,Chevrolet Silverado 1500 Regular Cab 2012
61,Dodge Challenger SRT8 2011
62,Ford Edge SUV 2012
63,Hyundai Veracruz SUV 2012
64,Jeep Grand Cherokee SUV 2012
65,Mercedes-Benz S-Class Sedan 2012
66,Chrysler Aspen SUV 2009
67,Chrysler Sebring Convertible 2010
68,Chrysler Town and Country Minivan 2012
69,Chrysler 300 SRT-8 2010
70,Chrysler Crossfire Convertible 2008
71,Chrysler PT Cruiser Convertible 2008
72,Dodge Caliber Wagon 2012
73,Dodge Caliber Wagon 2007
74,Dodge Sprinter Cargo Van 2009
75,Dodge Journey SUV 2012
76,Dodge Dakota Crew Cab 2010
77,Dodge Dakota Club Cab 2007
78,Dodge Magnum Wagon 2008
79,Dodge Durango SUV 2012
80,Dodge Durango SUV 2007
81,Dodge Charger Sedan 2012
82,Dodge Charger SRT-8 2009
83,FIAT 500 Abarth 2012
84,FIAT 500 Convertible 2012
85,Ferrari FF Coupe 2012
86,Ferrari California Convertible 2012
87,Ferrari 458 Italia Convertible 2012
88,Ferrari 458 Italia Coupe 2012
89,Ford F-450 Super Duty Crew Cab 2012
90,Ford Mustang Convertible 2007
91,Ford Freestar Minivan 2007
92,Ford Expedition EL SUV 2009
93,Ford Ranger SuperCab 2011
94,Ford GT Coupe 2006
95,Ford F-150 Regular Cab 2012
96,Ford F-150 Regular Cab 2007
97,Ford Focus Sedan 2007
98,Ford E-Series Wagon Van 2012
99,Ford Fiesta Sedan 2012
100,Honda Odyssey Minivan 2012
101,Honda Odyssey Minivan 2007
102,Honda Accord Coupe 2012
103,Honda Accord Sedan 2012
104,Hyundai Veloster Hatchback 2012
105,Hyundai Santa Fe SUV 2012
106,Hyundai Tucson SUV 2012
107,Hyundai Sonata Hybrid Sedan 2012
108,Hyundai Elantra Sedan 2007
109,Hyundai Accent Sedan 2012
110,Hyundai Genesis Sedan 2012
111,Hyundai Sonata Sedan 2012
112,Hyundai Elantra Touring Hatchback 2012
113,Hyundai Azera Sedan 2012
114,Infiniti G Coupe IPL 2012
115,Infiniti QX56 SUV 2011
116,Jaguar XK XKR 2012
117,Jeep Patriot SUV 2012
118,Jeep Wrangler SUV 2012
119,Jeep Liberty SUV 2012
120,Jeep Compass SUV 2012
121,Lamborghini Reventon Coupe 2008
122,Lamborghini Aventador Coupe 2012
123,Lamborghini Gallardo LP 570-4 Superleggera 2012
124,Lamborghini Diablo Coupe 2001
125,Land Rover Range Rover SUV 2012
126,Land Rover LR2 SUV 2012
127,MINI Cooper Roadster Convertible 2012
128,Maybach Landaulet Convertible 2012
129,Mazda Tribute SUV 2011
130,McLaren MP4-12C Coupe 2012
131,Mercedes-Benz C-Class Sedan 2012
132,Mercedes-Benz SL-Class Coupe 2009
133,Mercedes-Benz E-Class Sedan 2012
134,Mercedes-Benz Sprinter Van 2012
135,Mitsubishi Lancer Sedan 2012
136,Nissan Leaf Hatchback 2012
137,Nissan NV Passenger Van 2012
138,Nissan Juke Hatchback 2012
139,Porsche Panamera Sedan 2012
140,Rolls-Royce Phantom Drophead Coupe Convertible 2012
141,Rolls-Royce Ghost Sedan 2012
142,Rolls-Royce Phantom Sedan 2012
143,Suzuki Aerio Sedan 2007
144,Suzuki Kizashi Sedan 2012
145,Suzuki SX4 Hatchback 2012
146,Suzuki SX4 Sedan 2012
147,Tesla Model S Sedan 2012
148,Toyota Sequoia SUV 2012
149,Toyota Camry Sedan 2012
150,Toyota Corolla Sedan 2012
151,Toyota 4Runner SUV 2012
152,Volkswagen Golf Hatchback 2012
153,Volkswagen Beetle Hatchback 2012
154,Volvo C30 Hatchback 2012
155,Volvo XC90 SUV 2007
156,smart fortwo Convertible 2012
